<?xml version="1.0" encoding="UTF-8"?>
<preferences>
 <debug showDebugMenu="0" />
 <systemtable filter="All Interfaces">
  <columns>
   <connections preferredWidth="95" />
   <irq preferredWidth="34" />
   <export preferredWidth="291" />
   <inputclock preferredWidth="86" />
  </columns>
 </systemtable>
 <library
   expandedCategories="Library/Processors and Peripherals,Library/Processors and Peripherals/Peripherals,Library/Interface Protocols/PCI Express,Library,Library/Interface Protocols/PCI Express/QSYS Example Designs,Library/Interface Protocols" />
 <window width="1920" height="1032" x="0" y="0" />
</preferences>
